"","player","position","team","points","sd_pts","dropoff","floor","ceiling","points_vor","floor_vor","ceiling_vor","rank","floor_rank","ceiling_rank","position_rank","tier","adp","aav","uncertainty"
"1","Christian McCaffrey","RB","SF",20.7,1.3,2.13,18.7,22.5,13.1,12.7,12.5,1,1,1,1,"1",NA,NA,65
"2","Austin Ekeler","RB","LAC",18.6,1.08,1.25,17.7,20.6,10.9,11.6,10.6,2,2,4,2,"2",NA,NA,48
"3","Stefon Diggs","WR","BUF",20.1,2.12,0.434,17.3,23.2,9.81,8.61,11.2,3,5,2,1,"1",NA,NA,96
"4","Travis Etienne","RB","JAC",17.4,1.08,0.364,15.9,18.7,9.7,9.85,8.68,4,3,8,3,"2",NA,NA,49
"5","Ja'Marr Chase","WR","CIN",19.7,2.12,0.351,17.8,23,9.38,9.04,10.9,5,4,3,2,"1",NA,NA,95
"6","Alvin Kamara","RB","NO",17,1.54,1.17,14.2,18.9,9.33,8.14,8.95,6,10,7,4,"3",NA,NA,82
"7","CeeDee Lamb","WR","DAL",19.3,2.06,1.11,16,21.9,9.02,7.27,9.87,7,14,5,3,"2",NA,NA,94
"8","Josh Allen","QB","BUF",24.8,1.86,5.09,22.4,27.9,8.68,8.2,9.87,8,8,6,1,"1",NA,NA,87
"9","Saquon Barkley","RB","NYG",15.8,1.46,0.228,13.6,17.4,8.17,7.58,7.46,9,12,13,5,"3",NA,NA,78
"10","Jonathan Taylor","RB","IND",15.6,1.46,0.0889,13.9,18.3,7.94,7.91,8.34,10,11,9,6,"3",NA,NA,77
"11","Amon-Ra St. Brown","WR","DET",18.2,0.928,0.0114,17.3,19.6,7.92,8.57,7.57,11,6,11,4,"2",NA,NA,35
"12","Keenan Allen","WR","LAC",18.2,1.17,2.68,16.9,20.3,7.91,8.21,8.24,12,7,10,5,"3",NA,NA,51
"13","Breece Hall","RB","NYJ",15.5,1.06,0.222,13.6,16.4,7.85,7.53,6.46,13,13,17,7,"4",NA,NA,47
"14","Derrick Henry","RB","TEN",15.3,1.27,0.101,14.2,17.5,7.63,8.15,7.53,14,9,12,8,"4",NA,NA,63
"15","Tony Pollard","RB","DAL",15.2,1.63,0.121,12.9,17.4,7.53,6.83,7.39,15,15,14,9,"4",NA,NA,90
"16","Rachaad White","RB","TB",15.1,1.39,0.118,12.6,16.2,7.41,6.58,6.27,16,16,18,10,"4",NA,NA,70
"17","Joe Mixon","RB","CIN",15,1.7,0.131,12.1,17.2,7.29,6.09,7.2,17,18,15,11,"4",NA,NA,91
"18","Josh Jacobs","RB","LVR",14.8,1.54,0.982,12.6,16.2,7.16,6.57,6.18,18,17,20,12,"5",NA,NA,81
"19","Rhamondre Stevenson","RB","NE",13.8,1.41,0.176,11.8,15.7,6.17,5.75,5.68,19,20,22,13,"5",NA,NA,72
"20","Aaron Jones","RB","GB",13.7,1.06,0.0508,11.8,14.8,6,5.75,4.83,20,19,29,14,"5",NA,NA,46
"21","Kenneth Walker III","RB","SEA",13.6,1.72,0.122,11.7,16.5,5.95,5.66,6.55,21,21,16,15,"5",NA,NA,93
"22","Bijan Robinson","RB","ATL",13.5,1.33,0.796,11.6,15.5,5.83,5.52,5.52,22,22,24,16,"6",NA,NA,67
"23","Adam Thielen","WR","CAR",15.5,1.04,0.641,13.7,16.8,5.23,5,4.77,23,26,30,6,"4",NA,NA,43
"24","David Montgomery","RB","DET",12.7,1.37,0.115,11.1,15,5.03,5.09,4.97,24,24,28,17,"6",NA,NA,69
"25","Alexander Mattison","RB","MIN",12.6,1.21,0.398,11,14.2,4.91,5.02,4.21,25,25,36,18,"6",NA,NA,60
"26","Mark Andrews","TE","BAL",13.5,1.82,0.804,10.4,15.3,4.86,3.03,5.48,26,45,25,1,"1",NA,NA,94
"27","DeAndre Hopkins","WR","TEN",14.9,1.58,0.19,12.4,17.3,4.59,3.72,5.21,27,36,26,7,"4",NA,NA,75
"28","James Cook","RB","BUF",12.2,1.12,0.00229,11.1,14.1,4.52,5.1,4.1,28,23,37,19,"6",NA,NA,53
"29","Javonte Williams","RB","DEN",12.2,1.23,0.108,10.9,14.1,4.51,4.85,4.09,29,27,38,20,"6",NA,NA,61
"30","Jahmyr Gibbs","RB","DET",12.1,2.79,0.166,8.15,15.8,4.4,2.12,5.83,30,61,21,21,"7",NA,NA,99
"31","Brandon Aiyuk","WR","SF",14.7,1.25,0.144,13.3,16.7,4.4,4.55,4.62,31,28,31,8,"4",NA,NA,55
"32","Michael Pittman","WR","IND",14.6,0.946,0.000762,13,15.7,4.25,4.25,3.6,32,31,46,9,"4",NA,NA,38
"33","DK Metcalf","WR","SEA",14.6,1.82,0.251,12.9,17.7,4.25,4.19,5.63,33,32,23,10,"4",NA,NA,87
"34","DOnta Foreman","RB","CHI",11.9,1.61,0.026,9.99,14.6,4.24,3.97,4.58,34,35,32,22,"7",NA,NA,88
"35","James Conner","RB","ARI",11.9,0.697,0.125,10.5,12.4,4.21,4.52,2.46,35,29,63,23,"7",NA,NA,23
"36","Jerome Ford","RB","CLE",11.8,1.43,0.594,10,13.8,4.09,4,3.78,36,34,44,24,"7",NA,NA,74
"37","Sam LaPorta","TE","DET",12.7,1.03,0.337,10.9,13.7,4.06,3.51,3.83,37,38,43,2,"1",NA,NA,63
"38","Mike Evans","WR","TB",14.3,1.77,0.243,11.5,16.3,4,2.78,4.29,38,51,35,11,"4",NA,NA,85
"39","Garrett Wilson","WR","NYJ",14.1,1.37,0.215,11.8,15.7,3.76,3.1,3.6,39,44,47,12,"5",NA,NA,60
"40","Dalton Schultz","TE","HOU",12.3,2.15,0.207,9.85,16.1,3.72,2.5,6.22,40,56,19,3,"1",NA,NA,99
"41","Lamar Jackson","QB","BAL",19.7,1.25,0.0537,18.5,21.9,3.6,4.3,3.86,41,30,41,2,"1",NA,NA,53
"42","Justin Herbert","QB","LAC",19.7,1.47,0.0463,17.3,21.5,3.54,3.1,3.46,42,43,49,3,"1",NA,NA,70
"43","Christian Kirk","WR","JAC",13.9,1.64,0.00806,11.1,15.8,3.54,2.36,3.71,43,57,45,13,"5",NA,NA,78
"44","Nathaniel Dell","WR","HOU",13.8,1.57,0.247,11.5,15.9,3.53,2.81,3.87,44,50,40,14,"5",NA,NA,73
"45","Dalton Kincaid","TE","BUF",12.1,1.4,0.305,9.85,13.4,3.52,2.5,3.57,45,54,48,4,"1",NA,NA,85
"46","Joe Burrow","QB","CIN",19.6,1.26,0.328,18.2,21.3,3.5,4.03,3.27,46,33,52,4,"1",NA,NA,55
"47","Najee Harris","RB","PIT",11.2,0.761,0.218,9.73,12,3.49,3.7,2.05,47,37,70,25,"8",NA,NA,32
"48","Deebo Samuel","WR","SF",13.6,1.12,0.207,11.9,15.2,3.29,3.22,3.15,48,41,54,15,"5",NA,NA,47
"49","Brian Robinson","RB","WAS",10.9,1.78,0.183,7.55,12.8,3.28,1.52,2.78,49,70,58,26,"8",NA,NA,95
"50","T.J. Hockenson","TE","MIN",11.8,1.63,0.168,9.53,14.2,3.21,2.18,4.33,50,60,34,5,"2",NA,NA,90
"51","Dak Prescott","QB","DAL",19.3,1.27,1.17,17.3,20.6,3.17,3.17,2.62,51,42,60,5,"2",NA,NA,57
"52","Chuba Hubbard","RB","CAR",10.8,1.3,0.475,8.55,12.2,3.09,2.52,2.19,52,53,68,27,"8",NA,NA,66
"53","Chris Olave","WR","NO",13.4,0.913,0.0642,12,14.5,3.08,3.3,2.4,53,39,64,16,"5",NA,NA,35
"54","George Kittle","TE","SF",11.6,1.38,0.0214,9.33,13.1,3.04,1.98,3.29,54,63,51,6,"2",NA,NA,83
"55","Davante Adams","WR","LVR",13.3,1.96,0.0643,11.5,16.6,3.02,2.82,4.53,56,49,33,17,"5",NA,NA,88
"56","Evan Engram","TE","JAC",11.6,1.04,1.46,10.3,13.1,3.02,2.92,3.27,55,46,53,7,"3",NA,NA,68
"57","D.J. Moore","WR","CHI",13.3,1.55,0.0466,10.3,14.7,2.95,1.58,2.66,57,68,59,18,"5",NA,NA,72
"58","Marquise Brown","WR","ARI",13.2,1.16,0.0186,11.5,14.3,2.91,2.82,2.23,58,48,66,19,"5",NA,NA,50
"59","Jordan Addison","WR","MIN",13.2,2.27,0.0399,10.3,17.2,2.89,1.62,5.16,59,67,27,20,"5",NA,NA,98
"60","Tyler Lockett","WR","SEA",13.2,1.57,0.0436,11.2,15.9,2.85,2.5,3.86,60,55,42,21,"5",NA,NA,72
"61","Amari Cooper","WR","CLE",13.1,1.61,0.15,11.3,15.4,2.8,2.59,3.34,61,52,50,22,"5",NA,NA,76
"62","Diontae Johnson","WR","PIT",13,1.52,0.0265,10.8,15,2.65,2.05,2.94,62,62,56,23,"5",NA,NA,68
"63","Chris Godwin","WR","TB",12.9,1.13,0.12,11,14.6,2.63,2.29,2.5,63,58,62,24,"5",NA,NA,48
"64","Gus Edwards","RB","BAL",10.3,2.16,0.115,7.98,13.9,2.62,1.95,3.96,64,65,39,28,"8",NA,NA,99
"65","Terry McLaurin","WR","WAS",12.8,0.544,0.398,12,13.5,2.51,3.28,1.47,65,40,78,25,"6",NA,NA,11
"66","Devin Singletary","RB","HOU",10.2,1.59,0.0586,7.92,11.7,2.5,1.89,1.75,66,66,75,29,"8",NA,NA,85
"67","Jaylen Warren","RB","PIT",10.1,0.741,1.72,8.88,10.9,2.44,2.86,0.9,67,47,86,30,"9",NA,NA,29
"68","Calvin Ridley","WR","JAC",12.4,1.46,0.392,10.1,14,2.11,1.43,1.99,68,71,73,26,"6",NA,NA,65
"69","C.J. Stroud","QB","HOU",18.1,1.45,0.36,16.4,20,2,2.28,2.04,69,59,71,6,"2",NA,NA,68
"70","Drake London","WR","ATL",12,0.901,0.532,10.7,13,1.72,1.96,0.92,70,64,85,27,"7",NA,NA,34
"71","Brock Purdy","QB","SF",17.8,2.11,0.16,14.7,20.2,1.64,0.524,2.22,71,88,67,7,"2",NA,NA,94
"72","Cole Kmet","TE","CHI",10.2,1.49,0.509,8.18,12.2,1.57,0.826,2.33,72,79,65,8,"4",NA,NA,87
"73","Jared Goff","QB","DET",17.6,2.1,0.071,14.7,19.5,1.48,0.517,1.48,73,89,77,8,"2",NA,NA,91
"74","Geno Smith","QB","SEA",17.5,1.42,0.406,14.9,18.7,1.41,0.697,0.724,74,81,88,9,"3",NA,NA,66
"75","George Pickens","WR","PIT",11.5,0.774,0.0137,10.1,12.3,1.18,1.34,0.239,75,72,95,28,"7",NA,NA,27
"76","Gabriel Davis","WR","BUF",11.5,1.87,0.0261,9.4,14.9,1.17,0.689,2.82,76,82,57,29,"7",NA,NA,88
"77","Jakobi Meyers","WR","LVR",11.5,1.52,0.0876,9.93,14.1,1.14,1.21,2.01,77,73,72,30,"7",NA,NA,70
"78","Courtland Sutton","WR","DEN",11.4,1.23,0.235,9.34,12.7,1.06,0.628,0.63,79,85,90,31,"7",NA,NA,55
"79","Jake Ferguson","TE","DAL",9.66,1.35,0.0778,7.98,11.8,1.06,0.632,1.99,78,84,74,9,"4",NA,NA,80
"80","Sam Howell","QB","WAS",17.1,1.31,0.109,15.7,19.5,1,1.58,1.45,80,69,79,10,"3",NA,NA,62
"81","Cowboys","DST","DAL",7.35,1.68,0.174,5.33,9.78,1,0.166,1.45,81,97,80,1,"1",NA,NA,99
"82","Trey McBride","TE","ARI",9.58,0.822,0.369,8.35,10.4,0.98,1,0.532,82,75,92,10,"5",NA,NA,48
"83","Kyler Murray","QB","ARI",17,2.19,0.332,14.1,20.6,0.894,-0.0964,2.58,83,108,61,11,"3",NA,NA,96
"84","Seahawks","DST","SEA",7.17,0.875,0.827,6.07,8.33,0.827,0.913,0,84,76,103,2,"2",NA,NA,67
"85","Tyler Boyd","WR","CIN",11.1,0.759,0.125,9.75,11.9,0.822,1.03,-0.144,85,74,107,32,"7",NA,NA,25
"86","Brandon McManus","K","JAC",9.37,2.05,0.137,7.53,12.6,0.789,0.024,2.99,86,102,55,1,"1",NA,NA,96
"87","Tyler Allgeier","RB","ATL",8.4,1.1,0.267,6.92,9.99,0.722,0.891,0.00646,87,77,102,31,"9",NA,NA,51
"88","Zay Flowers","WR","BAL",11,1.21,0.202,9.49,12.3,0.697,0.78,0.23,88,80,96,33,"7",NA,NA,54
"89","Evan McPherson","K","CIN",9.24,0.862,0.264,8.18,10.3,0.652,0.673,0.644,89,83,89,2,"1",NA,NA,26
"90","Kyle Pitts","TE","ATL",9.21,0.77,0.348,7.75,9.86,0.612,0.395,0,90,93,103,11,"5",NA,NA,41
"91","Trevor Lawrence","QB","JAC",16.7,1.79,0.562,15,20.1,0.562,0.867,2.11,91,78,69,12,"3",NA,NA,85
"92","Jerry Jeudy","WR","DEN",10.8,1.53,0.475,8.71,13,0.496,0,0.991,92,103,83,34,"8",NA,NA,71
"93","Zack Moss","RB","IND",8.13,1.74,0.175,6.26,11.1,0.455,0.232,1.15,93,95,82,32,"9",NA,NA,94
"94","Jason Myers","K","SEA",8.97,1.15,0.00145,7.51,10.6,0.388,0,0.947,94,103,84,3,"1",NA,NA,59
"95","Brandon Aubrey","K","DAL",8.97,1.05,0.167,7.67,10.2,0.386,0.157,0.506,95,98,93,4,"1",NA,NA,44
"96","Antonio Gibson","RB","WAS",7.95,1.42,0.215,6.36,10.1,0.28,0.328,0.137,96,94,99,33,"9",NA,NA,73
"97","David Njoku","TE","CLE",8.87,0.742,0.264,7.81,9.69,0.264,0.463,-0.17,97,90,109,12,"5",NA,NA,38
"98","Tyler Bass","K","BUF",8.8,0.779,0.143,7.68,9.66,0.22,0.169,0,98,96,103,5,"1",NA,NA,11
"99","Matt Ammendola","K","HOU",8.66,0.851,0.0352,7.66,9.16,0.0762,0.148,-0.5,99,99,117,6,"1",NA,NA,22
"100","AJ Dillon","RB","GB",7.74,1.02,0.0651,6.03,9,0.0651,0,-0.979,100,103,132,34,"10",NA,NA,44
"101","Younghoe Koo","K","ATL",8.62,1.33,0.041,6.62,10,0.041,-0.885,0.387,101,127,94,7,"1",NA,NA,81
"102","Demario Douglas","WR","NE",10.3,0.978,0.0202,9.29,12.1,0.0202,0.574,0,102,86,103,35,"8",NA,NA,41
"103","Baker Mayfield","QB","TB",16.1,1.29,0.369,14.6,18,0,0.4,0,103,92,103,13,"4",NA,NA,60
"104","Kareem Hunt","RB","CLE",7.67,1.58,0.303,5.63,10.5,0,-0.398,0.553,103,113,91,35,"10",NA,NA,83
"105","Josh Downs","WR","IND",10.3,2.47,0.191,7.03,13.7,0,-1.68,1.65,103,164,76,36,"8",NA,NA,99
"106","Logan Thomas","TE","WAS",8.6,1.03,0.547,7.35,10,0,0,0.174,103,103,98,13,"6",NA,NA,65
"107","Chase McLaughlin","K","TB",8.58,0.648,0.215,7.61,9.22,0,0.102,-0.438,103,101,115,8,"1",NA,NA,4
"108","Ravens","DST","BAL",6.35,0.96,0.577,5.16,7.8,0,0,-0.532,103,103,118,3,"3",NA,NA,78
"109","Jahan Dotson","WR","WAS",10.1,0.576,0.249,9.27,10.9,-0.191,0.558,-1.19,104,87,135,37,"8",NA,NA,12
"110","Cameron Dicker","K","LAC",8.37,0.788,0.0113,7.5,9.24,-0.215,-0.00374,-0.42,105,104,114,9,"1",NA,NA,15
"111","Matt Prater","K","ARI",8.36,0.599,0.0121,7.64,9.03,-0.226,0.132,-0.621,106,100,120,10,"1",NA,NA,1
"112","Justin Tucker","K","BAL",8.35,1.17,0.224,6.53,9.6,-0.238,-0.978,-0.06,107,132,105,11,"2",NA,NA,67
"113","Ezekiel Elliott","RB","NE",7.37,1.59,0.00815,5.25,9.24,-0.303,-0.779,-0.739,108,124,128,36,"10",NA,NA,84
"114","Tyjae Spears","RB","TEN",7.36,0.633,1.03,6.45,8.2,-0.311,0.422,-1.78,109,91,153,37,"11",NA,NA,20
"115","Russell Wilson","QB","DEN",15.7,1.31,0.384,14.2,17.8,-0.369,0,-0.208,110,103,111,14,"4",NA,NA,64
"116","Michael Thomas","WR","NO",9.87,0.742,0.184,8.56,10.8,-0.44,-0.157,-1.26,111,109,138,38,"8",NA,NA,23
"117","Nick Folk","K","TEN",8.12,0.994,0.0346,6.78,9.16,-0.462,-0.732,-0.496,112,122,116,12,"2",NA,NA,37
"118","Jake Moody","K","SF",8.09,1.16,0.0175,6.93,9.65,-0.497,-0.579,-0.000759,113,117,104,13,"2",NA,NA,63
"119","Chad Ryland","K","NE",8.07,0.803,0.0637,7,8.97,-0.515,-0.505,-0.682,114,114,122,14,"2",NA,NA,19
"120","Jonnu Smith","TE","ATL",8.06,0.962,0.238,6.73,9.13,-0.547,-0.617,-0.722,115,118,125,14,"6",NA,NA,59
"121","Bills","DST","BUF",5.77,0.63,0.012,5.08,6.82,-0.577,-0.0834,-1.51,116,107,148,4,"3",NA,NA,33
"122","Chris Boswell","K","PIT",8.01,1.04,0.0408,6.71,9.51,-0.578,-0.799,-0.147,117,125,108,15,"2",NA,NA,41
"123","Jets","DST","NYJ",5.76,0.97,0.0442,4.32,6.95,-0.589,-0.839,-1.38,118,126,144,5,"4",NA,NA,81
"124","Daniel Carlson","K","LVR",7.96,0.713,0.126,7,8.7,-0.619,-0.511,-0.957,119,116,131,16,"2",NA,NA,7
"125","Christian Watson","WR","GB",9.69,1.77,0.352,8.04,12.8,-0.624,-0.675,0.766,120,120,87,39,"9",NA,NA,85
"126","Steelers","DST","PIT",5.71,0.925,0.002,4.22,6.76,-0.634,-0.939,-1.57,121,130,149,6,"4",NA,NA,70
"127","Raiders","DST","LVR",5.71,0.588,0.0277,5.12,6.56,-0.636,-0.0418,-1.77,122,106,152,7,"4",NA,NA,26
"128","Buccaneers","DST","TB",5.68,1.07,0.294,4.15,7.04,-0.663,-1.01,-1.29,123,133,139,8,"5",NA,NA,85
"129","Eddy Pineiro","K","CAR",7.84,0.966,0.126,6.57,8.96,-0.745,-0.935,-0.698,124,129,123,17,"2",NA,NA,33
"130","Joshua Dobbs","QB","MIN",15.4,1.22,0.244,13.8,17.3,-0.753,-0.37,-0.673,125,112,121,15,"4",NA,NA,51
"131","Hunter Henry","TE","NE",7.82,1.2,0.358,5.89,9.58,-0.786,-1.46,-0.278,126,152,112,15,"7",NA,NA,72
"132","Joey Slye","K","WAS",7.71,1.06,0.0698,6.53,8.95,-0.871,-0.974,-0.707,127,131,124,18,"2",NA,NA,48
"133","Anders Carlson","K","GB",7.64,1.34,0.122,5.97,9.05,-0.94,-1.53,-0.609,128,157,119,19,"2",NA,NA,85
"134","Panthers","DST","CAR",5.39,1.65,0.0483,4.09,8.39,-0.957,-1.07,0.0619,129,139,100,9,"6",NA,NA,96
"135","Robert Woods","WR","HOU",9.34,1.64,0.14,6.95,11.9,-0.975,-1.77,-0.191,130,168,110,40,"9",NA,NA,77
"136","Taylor Heinicke","QB","ATL",15.1,0.995,0.16,14.2,16.7,-0.997,-0.00477,-1.33,131,105,141,16,"4",NA,NA,36
"137","Colts","DST","IND",5.34,1.09,0.00317,4.09,7.15,-1.01,-1.07,-1.18,132,138,134,10,"6",NA,NA,89
"138","Browns","DST","CLE",5.34,0.733,0.0934,4.83,6.67,-1.01,-0.33,-1.66,133,111,151,11,"7",NA,NA,52
"139","Matt Gay","K","IND",7.52,1.37,0.287,6.02,9.72,-1.06,-1.49,0.0604,134,153,101,20,"2",NA,NA,89
"140","Saints","DST","NO",5.24,0.638,0.0714,4.13,5.88,-1.1,-1.03,-2.45,135,134,172,12,"8",NA,NA,37
"141","Jaxon Smith-Njigba","WR","SEA",9.2,1.76,0.422,7.19,11.9,-1.12,-1.52,-0.118,136,155,106,41,"9",NA,NA,84
"142","Gerald Everett","TE","LAC",7.46,1.17,0.101,5.68,8.45,-1.14,-1.68,-1.4,137,163,145,16,"7",NA,NA,70
"143","Will Levis","QB","TEN",15,1.51,0.158,13.7,17.7,-1.16,-0.51,-0.327,138,115,113,17,"5",NA,NA,72
"144","Bears","DST","CHI",5.17,0.942,0.0749,3.55,6.11,-1.17,-1.61,-2.22,139,161,163,13,"9",NA,NA,74
"145","Cade Otton","TE","TB",7.36,0.868,0.396,6.24,8.66,-1.25,-1.12,-1.2,140,143,136,17,"7",NA,NA,51
"146","49ers","DST","SF",5.1,0.464,0.0413,4.44,5.61,-1.25,-0.721,-2.72,141,121,180,14,"9",NA,NA,22
"147","Packers","DST","GB",5.06,0.743,0.126,4.12,5.97,-1.29,-1.04,-2.36,142,136,169,15,"10",NA,NA,56
"148","Jordan Love","QB","GB",14.8,0.734,0.111,13.9,15.7,-1.31,-0.235,-2.26,143,110,164,18,"5",NA,NA,26
"149","Zach Charbonnet","RB","SEA",6.33,1.35,0.0404,4.47,7.99,-1.34,-1.56,-1.99,144,159,157,38,"11",NA,NA,68
"150","Blake Grupe","K",NA,7.23,1.27,0.0148,5.67,8.92,-1.35,-1.84,-0.734,145,171,127,21,"2",NA,NA,70
"151","Greg Zuerlein","K","NYJ",7.22,1.85,0.149,4.23,8.87,-1.36,-3.28,-0.79,146,201,129,22,"3",NA,NA,93
"152","Jaleel McLaughlin","RB","DEN",6.29,1.94,0.15,4.92,9.98,-1.38,-1.11,0,147,142,103,39,"11",NA,NA,97
"153","Lions","DST","DET",4.93,0.422,0.00812,4.42,5.56,-1.41,-0.737,-2.77,148,123,182,16,"10",NA,NA,11
"154","Cardinals","DST","ARI",4.92,0.701,0.134,4.13,6.02,-1.42,-1.04,-2.31,149,135,167,17,"11",NA,NA,44
"155","Derek Carr","QB","NO",14.7,1.15,0.28,13.5,16.7,-1.43,-0.652,-1.3,150,119,140,19,"5",NA,NA,47
"156","Dustin Hopkins","K","CLE",7.07,2.09,0.0662,5.25,10.8,-1.51,-2.26,1.16,151,183,81,23,"3",NA,NA,99
"157","Miles Sanders","RB","CAR",6.14,0.927,0.359,4.72,7.16,-1.53,-1.3,-2.82,152,147,184,40,"11",NA,NA,39
"158","Romeo Doubs","WR","GB",8.77,1.43,0.0796,6.95,11.3,-1.54,-1.76,-0.727,153,167,126,42,"9",NA,NA,64
"159","Vikings","DST","MIN",4.79,0.423,0.0612,4.08,5.13,-1.56,-1.08,-3.2,154,140,197,18,"12",NA,NA,15
"160","Riley Patterson","K","DET",7,0.925,0.193,5.98,8.08,-1.58,-1.53,-1.57,155,156,150,24,"3",NA,NA,30
"161","Noah Brown","WR","HOU",8.69,1.97,0.0828,4.75,10.1,-1.62,-3.96,-1.99,156,221,158,43,"9",NA,NA,89
"162","Commanders","DST","WAS",4.73,0.598,0.0172,3.93,5.35,-1.62,-1.24,-2.99,157,146,189,19,"12",NA,NA,30
"163","Luke Musgrave","TE","GB",6.96,0.441,0.0275,6.42,7.57,-1.64,-0.93,-2.29,159,128,166,18,"7",NA,NA,14
"164","Falcons","DST","ATL",4.71,0.788,0.069,3.57,5.73,-1.64,-1.59,-2.6,158,160,174,20,"13",NA,NA,63
"165","Chigoziem Okonkwo","TE","TEN",6.93,0.742,0.0446,5.61,7.67,-1.67,-1.74,-2.19,160,165,161,19,"7",NA,NA,39
"166","Rashid Shaheed","WR","NO",8.61,1.66,0.334,6.61,11.2,-1.7,-2.1,-0.895,161,179,130,44,"9",NA,NA,79
"167","Giants","DST","NYG",4.64,0.727,0.0121,3.4,5.37,-1.7,-1.76,-2.96,162,166,187,21,"13",NA,NA,48
"168","Gardner Minshew","QB","IND",14.4,1.57,0.122,12.3,16.9,-1.71,-1.87,-1.08,163,172,133,20,"5",NA,NA,77
"169","Ryan Izzo","TE","FA",6.89,NA,0.232,NA,NA,-1.71,NA,NA,164,NA,NA,20,"8",NA,NA,NA
"170","Chargers","DST","LAC",4.63,0.33,0.0824,4.07,4.98,-1.72,-1.09,-3.35,165,141,202,22,"14",NA,NA,4
"171","Cairo Santos","K","CHI",6.81,1.1,0.156,5.54,8.2,-1.77,-1.96,-1.46,166,175,147,25,"3",NA,NA,52
"172","Patriots","DST","NE",4.55,0.65,0.111,4.01,5.55,-1.8,-1.15,-2.78,167,144,183,23,"15",NA,NA,41
"173","Deshaun Watson","QB","CLE",14.3,1.1,0.133,12.8,15.8,-1.83,-1.4,-2.19,168,149,162,21,"5",NA,NA,43
"174","Justice Hill","RB","BAL",5.78,0.981,0.0291,4.53,7.22,-1.89,-1.49,-2.76,169,154,181,41,"11",NA,NA,43
"175","Texans","DST","HOU",4.44,0.426,0.032,3.83,4.89,-1.91,-1.33,-3.44,170,148,206,24,"15",NA,NA,19
"176","Roschon Johnson","RB","CHI",5.75,1.11,0.088,4.24,7.36,-1.92,-1.78,-2.62,171,169,175,42,"11",NA,NA,52
"177","Greg Joseph","K","MIN",6.66,1.32,0.155,5.37,8.43,-1.93,-2.13,-1.22,172,180,137,26,"3",NA,NA,78
"178","Bengals","DST","CIN",4.4,1.15,0.0441,2.26,5.16,-1.94,-2.9,-3.17,173,195,196,25,"16",NA,NA,93
"179","Taysom Hill","TE","NO",6.66,2.47,0.108,3.34,10.1,-1.95,-4.01,0.228,174,222,97,21,"8",NA,NA,99
"180","Bryce Young","QB","CAR",14.2,0.86,0.16,13.1,15.7,-1.96,-1.05,-2.31,175,137,168,22,"5",NA,NA,28
"181","Jaguars","DST","JAC",4.36,0.421,0.217,4,5.05,-1.99,-1.16,-3.28,176,145,199,26,"17",NA,NA,7
"182","Latavius Murray","RB","BUF",5.66,1.15,0.127,3.58,6.65,-2.01,-2.45,-3.33,177,186,201,43,"11",NA,NA,57
"183","Wan'Dale Robinson","WR","NYG",8.28,1.58,0.169,6.77,10.7,-2.03,-1.94,-1.38,178,173,143,45,"10",NA,NA,74
"184","Tyler Conklin","TE","NYJ",6.55,0.848,0.165,5.79,7.84,-2.05,-1.56,-2.02,179,158,159,22,"8",NA,NA,49
"185","Wil Lutz","K","DEN",6.5,1.12,0.728,5.21,7.68,-2.08,-2.29,-1.98,180,185,155,27,"4",NA,NA,56
"186","Tyson Bagent","QB","CHI",14,2.22,0.302,9.93,16.7,-2.12,-4.23,-1.33,181,231,142,23,"6",NA,NA,98
"187","Samaje Perine","RB","DEN",5.54,0.826,0.565,4.6,6.89,-2.14,-1.43,-3.09,182,150,193,44,"12",NA,NA,36
"188","JuJu Smith-Schuster","WR","NE",8.11,1.72,0.0571,5.06,9.68,-2.2,-3.65,-2.37,183,213,170,46,"10",NA,NA,82
"189","Broncos","DST","DEN",4.14,0.304,0.0145,3.73,4.57,-2.2,-1.43,-3.76,184,151,213,27,"17",NA,NA,1
"190","Juwan Johnson","TE","NO",6.38,1.8,0.0114,3.27,8.4,-2.22,-4.08,-1.45,186,224,146,23,"8",NA,NA,93
"191","Titans","DST","TEN",4.13,0.786,0,3.06,5.16,-2.22,-2.1,-3.17,185,178,195,28,"17",NA,NA,59
"192","Irv Smith Jr.","TE","CIN",6.37,0.96,0.815,5.19,7.88,-2.23,-2.17,-1.98,187,182,156,24,"9",NA,NA,58
"193","Brandin Cooks","WR","DAL",8.05,0.844,0.0475,6.56,9.16,-2.26,-2.15,-2.9,188,181,185,47,"10",NA,NA,31
"194","Jonathan Mingo","WR","CAR",8,0.668,0.265,7.05,8.68,-2.31,-1.66,-3.38,189,162,203,48,"10",NA,NA,19
"195","Kenny Pickett","QB","PIT",13.7,1.08,0.148,12.3,15.3,-2.42,-1.82,-2.67,190,170,177,24,"6",NA,NA,40
"196","Mac Jones","QB","NE",13.5,1.13,0.496,12.2,15.1,-2.57,-1.95,-2.94,191,174,186,25,"6",NA,NA,45
"197","Elijah Moore","WR","CLE",7.74,0.933,0.145,6.63,9.36,-2.57,-2.09,-2.7,192,177,179,49,"10",NA,NA,37
"198","Jamaal Williams","RB","NO",4.97,0.659,0.58,3.96,5.61,-2.7,-2.07,-4.37,193,176,225,45,"13",NA,NA,22
"199","Darius Slayton","WR","NYG",7.59,0.708,0.000533,6.24,8.09,-2.72,-2.47,-3.97,194,187,217,50,"10",NA,NA,21
"200","Odell Beckham","WR","BAL",7.59,1.05,0.0135,6.43,9.01,-2.72,-2.29,-3.05,195,184,192,51,"10",NA,NA,45
"201","Michael Wilson","WR","ARI",7.58,0.931,0.0148,6.03,8.67,-2.73,-2.68,-3.38,196,189,204,52,"10",NA,NA,36
"202","Jayden Reed","WR","GB",7.57,1.4,0.0221,5.41,9.47,-2.75,-3.3,-2.59,197,202,173,53,"10",NA,NA,62
"203","Darnell Mooney","WR","CHI",7.54,1.04,0.0346,5.55,8.61,-2.77,-3.17,-3.45,198,198,207,54,"10",NA,NA,44
"204","Rondale Moore","WR","ARI",7.51,0.986,0.0532,5.92,8.85,-2.8,-2.8,-3.21,199,192,198,55,"10",NA,NA,42
"205","Randy Bullock","K","NYG",5.77,1.31,0,4.81,7.7,-2.81,-2.69,-1.96,200,190,154,28,"4",NA,NA,74
"206","Trenton Irwin","WR","CIN",7.46,2.03,0.0165,3.75,9.94,-2.86,-4.96,-2.11,201,252,160,56,"10",NA,NA,91
"207","Brandon Powell","WR","MIN",7.44,1.37,0.0587,5.39,8.92,-2.87,-3.32,-3.13,202,204,194,57,"10",NA,NA,61
"208","Curtis Samuel","WR","WAS",7.38,2.09,0.192,4.04,9.63,-2.93,-4.68,-2.43,203,243,171,58,"10",NA,NA,95
"209","Daniel Bellinger","TE","NYG",5.56,1.31,0.0397,3.83,7.23,-3.05,-3.52,-2.62,204,210,176,25,"9",NA,NA,76
"210","Zach Wilson","QB","NYJ",13,1.19,1.02,10.8,14.4,-3.07,-3.33,-3.59,205,205,210,26,"7",NA,NA,49
"211","Hayden Hurst","TE","CAR",5.52,0.903,0.111,4.43,6.85,-3.09,-2.92,-3.01,206,196,190,26,"9",NA,NA,54
"212","Khalil Shakir","WR","BUF",7.19,1.59,0.0301,4.53,9.03,-3.12,-4.18,-3.02,207,228,191,59,"10",NA,NA,75
"213","Josh Reynolds","WR","DET",7.16,1.98,0.0696,4.19,9.36,-3.15,-4.52,-2.69,208,238,178,60,"10",NA,NA,90
"214","Kylen Granson","TE","IND",5.41,1.04,0.345,3.63,6.46,-3.2,-3.72,-3.39,209,214,205,27,"9",NA,NA,66
"215","Quentin Johnston","WR","LAC",7.09,1.49,0.0737,4.68,8.75,-3.22,-4.03,-3.3,210,223,200,61,"11",NA,NA,67
"216","Rico Dowdle","RB","DAL",4.39,1.14,0.205,2.21,5.18,-3.28,-3.82,-4.8,211,216,234,46,"13",NA,NA,55
"217","Nick Westbrook-Ikhine","WR","TEN",7.02,1.36,0.00175,4.56,8.43,-3.3,-4.15,-3.63,212,226,211,62,"11",NA,NA,59
"218","Allen Lazard","WR","NYJ",7.01,0.955,0.492,5.83,8.21,-3.3,-2.88,-3.85,213,193,214,63,"11",NA,NA,38
"219","Joshua Kelley","RB","LAC",4.19,0.598,0.0738,3.43,5.06,-3.49,-2.6,-4.93,214,188,237,47,"13",NA,NA,19
"220","Noah Fant","TE","SEA",5.06,1.64,0.0459,2.83,6.88,-3.54,-4.52,-2.98,215,237,188,28,"9",NA,NA,92
"221","Keaton Mitchell","RB","BAL",4.11,2.15,0.0843,1.57,7.7,-3.56,-4.45,-2.28,216,235,165,48,"13",NA,NA,98
"222","Michael Mayer","TE","LVR",5.02,0.666,0.52,4.13,5.81,-3.59,-3.22,-4.05,217,199,218,29,"10",NA,NA,32
"223","Michael Carter","RB","NYJ",4.03,1.4,0.00891,2.38,6.33,-3.65,-3.65,-3.65,218,212,212,49,"13",NA,NA,71
"224","Darrynton Evans","RB","CHI",4.02,1.6,0.0126,1.3,5.5,-3.65,-4.72,-4.48,219,245,227,50,"13",NA,NA,87
"225","Chase Edmonds","RB","TB",4.01,1.19,0.0943,2.77,5.89,-3.67,-3.26,-4.09,220,200,221,51,"13",NA,NA,59
"226","Cordarrelle Patterson","RB","ATL",3.91,1.5,0.0237,1.88,5.89,-3.76,-4.15,-4.09,221,227,222,52,"13",NA,NA,80
"227","Elijah Mitchell","RB","SF",3.89,0.564,0.0451,3.13,4.48,-3.79,-2.9,-5.5,222,194,247,53,"13",NA,NA,18
"228","Michael Gallup","WR","DAL",6.52,0.685,0.216,5.3,7.12,-3.79,-3.41,-4.94,223,207,238,64,"11",NA,NA,20
"229","Ty Chandler","RB","MIN",3.84,0.805,0.128,3.03,5.19,-3.83,-3,-4.79,224,197,232,54,"13",NA,NA,35
"230","Dalvin Cook","RB","NYJ",3.71,1.14,0.148,1.83,5.26,-3.96,-4.19,-4.72,225,229,231,55,"13",NA,NA,56
"231","Trey Palmer","WR","TB",6.31,0.667,0.154,5.34,7.05,-4.01,-3.37,-5.01,226,206,239,65,"11",NA,NA,18
"232","Aidan O'Connell","QB","LVR",12,1.06,0.857,10.8,13.2,-4.08,-3.32,-4.8,227,203,233,27,"8",NA,NA,38
"233","Mike Boone","RB","HOU",3.57,1.6,0.00752,1.07,5.79,-4.11,-4.95,-4.19,228,251,223,56,"13",NA,NA,86
"234","Keaontay Ingram","RB","ARI",3.56,0.281,0.258,3.27,3.92,-4.11,-2.76,-6.06,230,191,263,57,"14",NA,NA,6
"235","Donald Parham","TE","LAC",4.5,1.1,0.0116,2.88,5.79,-4.11,-4.48,-4.07,229,236,220,30,"10",NA,NA,69
"236","Mike Gesicki","TE","NE",4.48,1.27,0.101,2.9,6.34,-4.12,-4.45,-3.51,231,234,208,31,"10",NA,NA,73
"237","Terrace Marshall","WR","CAR",6.15,2.43,0.343,3.19,8.13,-4.16,-5.53,-3.92,232,283,215,66,"12",NA,NA,99
"238","Tanner Hudson","TE","CIN",4.38,0.669,0.105,3.91,5.14,-4.22,-3.44,-4.71,233,208,230,32,"10",NA,NA,34
"239","Connor Heyward","TE","PIT",4.28,1,0.159,2.72,5.59,-4.32,-4.63,-4.27,234,241,224,33,"10",NA,NA,61
"240","Tony Jones","RB","FA",3.3,1.48,0.13,2.41,4.44,-4.37,-3.62,-5.54,235,211,248,58,"14",NA,NA,79
"241","Adam Trautman","TE","DEN",4.12,0.68,0.426,3.25,5.27,-4.48,-4.1,-4.59,236,225,229,34,"11",NA,NA,35
"242","Matt Breida","RB","NYG",3.17,0.537,0.222,2.53,3.87,-4.5,-3.49,-6.11,237,209,264,59,"14",NA,NA,17
"243","Alec Pierce","WR","IND",5.81,0.992,0.209,4.81,7.03,-4.5,-3.9,-5.02,238,217,240,67,"12",NA,NA,42
"244","Rashod Bateman","WR","BAL",5.6,0.414,0.267,4.97,6.16,-4.71,-3.74,-5.89,239,215,257,68,"12",NA,NA,5
"245","Leonard Fournette","RB","BUF",2.95,1.93,0.415,1.8,5.1,-4.72,-4.22,-4.88,240,230,235,60,"14",NA,NA,96
"246","Tommy Tremble","TE","CAR",3.69,0.88,0.0721,2.36,4.66,-4.91,-4.99,-5.19,241,253,242,35,"11",NA,NA,52
"247","Tommy DeVito","QB",NA,11.2,1.61,9.17,9.16,13.1,-4.94,-5,-4.91,242,254,236,28,"9",NA,NA,79
"248","Van Jefferson","WR","ATL",5.33,0.651,0.421,4.81,6.26,-4.98,-3.9,-5.79,243,218,254,69,"12",NA,NA,15
"249","Colby Parkinson","TE","SEA",3.62,0.435,0.0216,2.93,4.18,-4.98,-4.43,-5.67,244,233,251,36,"11",NA,NA,13
"250","Mitchell Wilcox","TE","CIN",3.6,NA,0.766,NA,NA,-5,NA,NA,245,NA,NA,37,"12",NA,NA,NA
"251","Trayveon Williams","RB","CIN",2.53,0.304,0.0679,2.12,2.86,-5.14,-3.91,-7.12,246,219,292,61,"14",NA,NA,7
"252","Craig Reynolds","RB","DET",2.47,1.45,0.165,1.21,4.41,-5.21,-4.82,-5.57,247,248,250,62,"14",NA,NA,76
"253","Pierre Strong Jr.","RB","CLE",2.3,0.735,0.00184,1.08,3.07,-5.37,-4.95,-6.91,248,250,286,63,"14",NA,NA,28
"254","Corey Clement","RB","ARI",2.3,NA,0.0136,NA,NA,-5.37,NA,NA,249,NA,NA,64,"14",NA,NA,NA
"255","Ameer Abdullah","RB","LVR",2.29,0.23,0.0864,2.1,2.59,-5.39,-3.93,-7.39,250,220,299,65,"15",NA,NA,3
"256","Marvin Mims","WR","DEN",4.91,1.26,0.0725,3.12,6.97,-5.4,-5.59,-5.08,251,286,241,70,"12",NA,NA,56
"257","Melvin Gordon","RB","BAL",2.2,NA,0.0338,NA,NA,-5.47,NA,NA,253,NA,NA,66,"15",NA,NA,NA
"258","Jameson Williams","WR","DET",4.84,1.47,0.0252,3.4,7.66,-5.47,-5.31,-4.4,252,267,226,71,"12",NA,NA,65
"259","Kyle Philips","WR","TEN",4.81,0.496,0.0215,4.13,5.34,-5.5,-4.58,-6.71,254,240,279,72,"12",NA,NA,8
"260","Raheem Blackshear","RB","CAR",2.17,0.514,0.144,1.72,2.83,-5.51,-4.31,-7.15,255,232,294,67,"15",NA,NA,16
"261","Jalin Hyatt","WR","NYG",4.79,1.4,0.335,2.48,6.65,-5.52,-6.24,-5.41,256,309,244,73,"13",NA,NA,62
"262","Dare Ogunbowale","RB","HOU",2.02,1.24,0.0348,0.898,3.7,-5.65,-5.13,-6.28,257,256,266,68,"15",NA,NA,62
"263","Tank Bigsby","RB","JAC",1.99,0.856,0.00663,0.735,3.05,-5.69,-5.29,-6.93,258,265,288,69,"15",NA,NA,38
"264","Kyle Juszczyk","RB","SF",1.98,0.831,0.00748,1.34,3.46,-5.69,-4.69,-6.52,259,244,272,70,"15",NA,NA,37
"265","Zamir White","RB","LVR",1.97,0.733,0.073,0.806,2.59,-5.7,-5.22,-7.39,260,260,300,71,"15",NA,NA,27
"266","Deuce Vaughn","RB","DAL",1.9,NA,0.0459,NA,NA,-5.77,NA,NA,262,NA,NA,72,"15",NA,NA,NA
"267","Isaiah Likely","TE","BAL",2.83,0.819,0.0317,2.12,4.11,-5.77,-5.23,-5.74,261,262,253,38,"12",NA,NA,46
"268","Austin Hooper","TE","LVR",2.8,0.782,0.0166,1.92,3.89,-5.8,-5.43,-5.97,263,278,260,39,"12",NA,NA,42
"269","Deon Jackson","RB","NYG",1.85,1.04,0.00959,1.23,2.66,-5.82,-4.8,-7.32,265,247,296,73,"15",NA,NA,45
"270","Drew Sample","TE","CIN",2.79,1.92,0.0974,1.21,5.89,-5.82,-6.14,-3.97,264,304,216,40,"12",NA,NA,96
"271","Emanuel Wilson","RB","GB",1.84,1.09,0.0537,0.826,3.42,-5.83,-5.2,-6.56,266,259,275,74,"15",NA,NA,50
"272","Jalen Guyton","WR","LAC",4.46,2.06,0.0381,2.36,7.49,-5.85,-6.36,-4.57,267,319,228,74,"13",NA,NA,93
"273","Isaiah Spiller","RB","LAC",1.79,0.705,0.0777,0.853,2.48,-5.88,-5.18,-7.5,268,258,305,75,"15",NA,NA,24
"274","Jalen Reagor","WR","NE",4.42,2.05,0.072,1.15,6.1,-5.89,-7.56,-5.96,269,357,259,75,"13",NA,NA,92
"275","Will Dissly","TE","SEA",2.69,1.03,0.0112,1.88,4.37,-5.91,-5.47,-5.49,270,279,245,41,"12",NA,NA,62
"276","Josh Oliver","TE","MIN",2.68,0.448,0.0452,2.12,3.18,-5.93,-5.23,-6.67,271,261,278,42,"12",NA,NA,15
"277","Travis Homer","RB","CHI",1.71,0.421,0.0504,1.45,2.18,-5.96,-4.58,-7.8,272,239,318,76,"15",NA,NA,12
"278","Kalif Raymond","WR","DET",4.35,1.18,0.00167,2.82,5.77,-5.96,-5.89,-6.28,273,296,267,76,"13",NA,NA,52
"279","John Metchie","WR","HOU",4.35,1.65,0.0108,2,5.79,-5.97,-6.72,-6.27,274,335,265,77,"13",NA,NA,78
"280","C.J. Uzomah","TE","NYJ",2.63,0.425,0.00462,2.03,3.08,-5.97,-5.32,-6.77,275,269,281,43,"12",NA,NA,10
"281","Jamal Agnew","WR","JAC",4.34,0.281,0.0207,4.05,4.7,-5.98,-4.66,-7.36,277,242,297,78,"13",NA,NA,3
"282","Mo Alie-Cox","TE","IND",2.63,1.31,0.0234,1.24,4.36,-5.98,-6.11,-5.5,276,302,246,44,"12",NA,NA,77
"283","Hunter Renfrow","WR","LVR",4.31,1.26,0.0145,3.05,6.5,-6,-5.66,-5.55,278,290,249,79,"13",NA,NA,57
"284","Robert Tonyan","TE","CHI",2.6,0.605,0.0141,1.67,3.35,-6,-5.68,-6.51,279,291,271,45,"12",NA,NA,27
"285","Nick Bawden","RB","NYJ",1.66,1.28,0.000277,0.761,2.53,-6.01,-5.27,-7.45,280,263,303,77,"15",NA,NA,64
"286","Chris Rodriguez","RB","WAS",1.66,0.761,0.0548,0.66,2.53,-6.01,-5.37,-7.45,281,271,302,78,"15",NA,NA,33
"287","Charlie Jones","WR","CIN",4.3,NA,0.098,NA,NA,-6.01,NA,NA,282,NA,NA,80,"13",NA,NA,NA
"288","Trevon Wesco","TE","TEN",2.59,NA,0.0696,NA,NA,-6.01,NA,NA,283,NA,NA,46,"12",NA,NA,NA
"289","Hunter Luepke","RB","DAL",1.61,1.63,0.0527,0.505,4.12,-6.07,-5.52,-5.86,284,281,256,79,"15",NA,NA,89
"290","Foster Moreau","TE","NO",2.52,0.344,0.00391,2.23,3.06,-6.08,-5.13,-6.8,285,255,282,47,"12",NA,NA,7
"291","Jordan Akins","TE","CLE",2.52,0.395,0.0728,1.94,2.75,-6.09,-5.41,-7.1,286,275,291,48,"12",NA,NA,8
"292","Isaiah Hodgins","WR","NYG",4.2,2.4,0.0589,1.94,8.49,-6.11,-6.77,-3.57,287,338,209,81,"13",NA,NA,98
"293","Sean Tucker","RB","TB",1.55,0.798,0.0112,0.644,2.13,-6.12,-5.38,-7.85,288,273,321,80,"15",NA,NA,34
"294","Kenny McIntosh","RB","SEA",1.54,0.721,0.0714,0.868,2.22,-6.13,-5.16,-7.76,289,257,316,81,"15",NA,NA,26
"295","John Bates","TE","WAS",2.44,0.597,0.082,1.78,3.41,-6.16,-5.57,-6.45,290,285,269,49,"13",NA,NA,24
"296","Allen Robinson","WR","PIT",4.14,0.804,0.0416,2.96,5.3,-6.17,-5.75,-6.75,291,293,280,82,"13",NA,NA,29
"297","Ty Johnson","RB","BUF",1.47,0.321,0.0402,1.25,1.69,-6.2,-4.78,-8.29,292,246,335,82,"15",NA,NA,9
"298","Chris Moore","WR","TEN",4.1,0.722,0.194,3.34,5.22,-6.21,-5.38,-6.83,293,272,284,83,"13",NA,NA,22
"299","Jordan Mason","RB","SF",1.43,1.13,0.0154,0.617,3.42,-6.24,-5.41,-6.56,294,276,274,83,"15",NA,NA,54
"300","James Mitchell","TE","DET",2.36,0.467,0.0684,2.05,2.68,-6.24,-5.3,-7.18,295,266,295,50,"13",NA,NA,17
"301","Chris Evans","RB","CIN",1.42,0.753,0.0668,0.715,2.22,-6.26,-5.31,-7.76,296,268,315,84,"15",NA,NA,31
"302","Darnell Washington","TE","PIT",2.29,2.08,0.136,1.08,5.79,-6.31,-6.27,-4.06,297,313,219,51,"13",NA,NA,97
"303","Elijah Dotson","RB","LAC",1.35,NA,0.0753,NA,NA,-6.32,NA,NA,298,NA,NA,85,"15",NA,NA,NA
"304","Ty Montgomery","RB","NE",1.27,0.162,0.0585,1.11,1.42,-6.4,-4.92,-8.56,299,249,344,86,"15",NA,NA,1
"305","Dontayvion Wicks","WR","GB",3.91,0.529,0.0779,3.21,4.48,-6.4,-5.5,-7.57,300,280,311,84,"13",NA,NA,9
"306","Brock Wright","TE","DET",2.16,0.795,0.0109,1.3,3.4,-6.45,-6.05,-6.46,301,300,270,52,"13",NA,NA,44
"307","Brandon Bolden","RB","LVR",1.22,0.433,0.0168,0.753,1.71,-6.46,-5.28,-8.27,303,264,334,87,"15",NA,NA,13
"308","Quintin Morris","TE","BUF",2.15,1.42,0.104,0.693,3.46,-6.46,-6.66,-6.4,302,330,268,53,"13",NA,NA,86
"309","D'Ernest Johnson","RB","JAC",1.2,0.448,0.0628,0.628,1.59,-6.47,-5.4,-8.39,304,274,336,88,"15",NA,NA,14
"310","KhaDarel Hodge","WR","ATL",3.83,0.841,0.0579,2.58,4.51,-6.48,-6.14,-7.55,305,303,307,85,"13",NA,NA,30
"311","Anthony McFarland","RB","PIT",1.14,0.747,0.103,0.611,2,-6.54,-5.42,-7.98,306,277,328,89,"16",NA,NA,30
"312","Tyquan Thornton","WR","NE",3.77,1.52,0.00933,2.45,6.08,-6.54,-6.26,-5.97,307,312,261,86,"13",NA,NA,69
"313","Jauan Jennings","WR","SF",3.76,1.21,0.00245,2.51,5.26,-6.55,-6.2,-6.8,308,306,283,87,"13",NA,NA,53
"314","Kayshon Boutte","WR","NE",3.76,1.71,0.0243,2.47,6.1,-6.55,-6.25,-5.95,309,310,258,88,"13",NA,NA,82
"315","Dalton Keene","TE","FA",2.04,NA,0.082,NA,NA,-6.56,NA,NA,310,NA,NA,54,"13",NA,NA,NA
"316","Donovan Peoples-Jones","WR","DET",3.74,1.82,0.233,1.39,6.05,-6.58,-7.33,-6,311,353,262,89,"14",NA,NA,86
"317","DeeJay Dallas","RB","SEA",1.03,0.373,0.0985,0.689,1.53,-6.64,-5.34,-8.45,312,270,339,90,"16",NA,NA,10
"318","Curtis Hodges","TE","WAS",1.96,NA,0.0154,NA,NA,-6.64,NA,NA,313,NA,NA,55,"13",NA,NA,NA
"319","Elijah Higgins","TE","ARI",1.94,1.54,0.000736,1.02,4.12,-6.66,-6.33,-5.73,314,317,252,56,"13",NA,NA,89
"320","Jeremy Ruckert","TE","NYJ",1.94,0.959,0.0322,1.12,3.22,-6.66,-6.23,-6.63,315,308,277,57,"13",NA,NA,56
"321","Josiah Deguara","TE","GB",1.91,0.634,0.0217,1.36,2.98,-6.69,-6,-6.87,316,298,285,58,"13",NA,NA,30
"322","Brady Russell","TE",NA,1.89,NA,0.0735,NA,NA,-6.71,NA,NA,317,NA,NA,59,"13",NA,NA,NA
"323","C.J. Ham","RB","MIN",0.935,0.48,0.0182,0.459,1.48,-6.74,-5.57,-8.5,318,284,342,91,"16",NA,NA,15
"324","Jashaun Corbin","RB","NYG",0.917,0.954,0.0473,0.0313,1.94,-6.76,-6,-8.04,319,299,330,92,"16",NA,NA,41
"325","Harrison Bryant","TE","CLE",1.82,0.701,0.00647,0.598,2.3,-6.79,-6.75,-7.56,320,337,309,60,"13",NA,NA,37
"326","John FitzPatrick","TE","ATL",1.81,NA,0.01,NA,NA,-6.79,NA,NA,321,NA,NA,61,"13",NA,NA,NA
"327","Jonathan Ward","RB","TEN",0.87,0.944,0.0172,0.218,1.52,-6.8,-5.81,-8.46,323,294,340,93,"16",NA,NA,40
"328",NA,"TE",NA,1.8,NA,0.03,NA,NA,-6.8,NA,NA,322,NA,NA,62,"13",NA,NA,NA
"329","Nelson Agholor","WR","BAL",3.5,1.13,0.114,2.28,5.15,-6.81,-6.43,-6.91,324,321,287,90,"14",NA,NA,48
"330","Trey Sermon","RB","IND",0.852,0.638,0.0204,0.412,1.29,-6.82,-5.62,-8.69,325,287,350,94,"16",NA,NA,21
"331","Ross Dwelley","TE","SF",1.77,NA,0.149,NA,NA,-6.83,NA,NA,326,NA,NA,63,"13",NA,NA,NA
"332","Dwayne Washington","RB","DEN",0.832,NA,0.0813,NA,NA,-6.84,NA,NA,327,NA,NA,95,"16",NA,NA,NA
"333","Kene Nwangwu","RB","MIN",0.751,0.413,0.0462,0.318,1.27,-6.92,-5.71,-8.71,328,292,351,96,"16",NA,NA,11
"334","Calvin Austin III","WR","PIT",3.39,1.1,0.0436,2.15,5.42,-6.92,-6.57,-6.63,329,325,276,91,"14",NA,NA,46
"335","Keith Smith","RB","ATL",0.705,0.263,0.00452,0.503,0.988,-6.97,-5.52,-8.99,331,282,355,97,"16",NA,NA,5
"336","Damien Williams","RB","ARI",0.7,NA,0.0376,NA,NA,-6.97,NA,NA,332,NA,NA,98,"16",NA,NA,NA
"337","Trishton Jackson","WR","MIN",3.34,1.47,0.0636,1.32,4.41,-6.97,-7.4,-7.65,330,354,313,92,"14",NA,NA,66
"338","Luke Schoonmaker","TE","DAL",1.62,0.239,0.0163,1.37,1.95,-6.98,-5.98,-7.91,333,297,325,64,"13",NA,NA,3
"339","Geoff Swaim","TE","ARI",1.6,0.652,0.046,1.02,2.28,-7,-6.33,-7.58,334,318,312,65,"13",NA,NA,31
"340","Patrick Ricard","RB","BAL",0.662,0.236,0.198,0.395,0.94,-7.01,-5.63,-9.04,335,288,358,99,"16",NA,NA,4
"341","Isaiah McKenzie","WR","IND",3.28,0.977,0.107,2.06,4.65,-7.03,-6.65,-7.41,336,328,301,93,"14",NA,NA,40
"342","Eric Saubert","TE","HOU",1.56,0.474,0.00807,1.27,1.92,-7.04,-6.09,-7.94,337,301,326,66,"13",NA,NA,18
"343","Luke Farrell","TE","JAC",1.55,0.594,0.0205,1.13,2.36,-7.05,-6.22,-7.5,338,307,306,67,"13",NA,NA,23
"344","Tyree Jackson","TE","FA",1.53,NA,0.00137,NA,NA,-7.07,NA,NA,339,NA,NA,68,"13",NA,NA,NA
"345","Pharaoh Brown","TE","NE",1.53,0.797,0.02,0.536,2.39,-7.07,-6.82,-7.47,340,340,304,69,"14",NA,NA,45
"346","Nate Adkins","TE",NA,1.51,0.599,0.0387,0.655,1.95,-7.09,-6.7,-7.9,341,332,324,70,"14",NA,NA,25
"347","Brenton Strange","TE","JAC",1.47,1.35,0.0699,0.518,3.31,-7.13,-6.83,-6.55,342,341,273,71,"14",NA,NA,79
"348","Parris Campbell","WR","NYG",3.17,1.31,0.0107,1.91,5.02,-7.14,-6.8,-7.04,343,339,289,94,"14",NA,NA,58
"349","Derius Davis","WR","LAC",3.16,0.46,0.0348,2.42,3.54,-7.15,-6.3,-8.51,344,314,343,95,"14",NA,NA,6
"350","Jake Bobo","WR","SEA",3.13,2.06,0.00586,1.43,6.76,-7.18,-7.28,-5.3,345,351,243,96,"14",NA,NA,92
"351","Cedric Tillman","WR","CLE",3.12,0.862,8.97e-05,2.22,4.28,-7.19,-6.49,-7.78,346,323,317,97,"14",NA,NA,33
"352","KaVontae Turpin","WR","DAL",3.12,1.67,0.0901,2.23,6.21,-7.19,-6.49,-5.85,347,322,255,98,"14",NA,NA,80
"353","Marcedes Lewis","TE","CHI",1.4,NA,0.0106,NA,NA,-7.2,NA,NA,348,NA,NA,72,"14",NA,NA,NA
"354","Michael Burton","RB","DEN",0.464,0.182,0.0202,0.214,0.604,-7.21,-5.81,-9.38,349,295,365,100,"16",NA,NA,2
"355","Nick Vannett","TE","LAC",1.39,1.36,0.0107,0.428,2.29,-7.21,-6.92,-7.56,350,343,310,73,"14",NA,NA,82
"356","Chris Manhertz","TE","DEN",1.38,0.515,0.0127,1.1,1.98,-7.22,-6.25,-7.87,351,311,322,74,"14",NA,NA,20
"357","Adam Prentice","RB","NO",0.444,NA,0.044,NA,NA,-7.23,NA,NA,352,NA,NA,101,"16",NA,NA,NA
"358","Will Mallory","TE","IND",1.37,0.629,0.0239,0.602,2.04,-7.24,-6.75,-7.82,353,336,319,75,"14",NA,NA,28
"359","Johnny Mundt","TE","MIN",1.34,0.426,0.0544,1.04,1.96,-7.26,-6.31,-7.9,354,316,323,76,"14",NA,NA,11
"360","Qadree Ollison","RB","PIT",0.4,NA,0.012,NA,NA,-7.27,NA,NA,355,NA,NA,102,"16",NA,NA,NA
"361","Israel Abanikanda","RB","NYJ",0.4,NA,0,NA,NA,-7.27,NA,NA,355,NA,NA,102,"16",NA,NA,NA
"362","Jalen Tolbert","WR","DAL",3.03,0.419,0.0683,2.41,3.39,-7.28,-6.3,-8.66,356,315,348,99,"14",NA,NA,5
"363","Jakob Johnson","RB","LVR",0.388,0.017,0.022,0.376,0.4,-7.29,-5.65,-9.58,357,289,367,103,"16",NA,NA,1
"364","Alexander Armah","RB","WAS",0.366,NA,0,NA,NA,-7.31,NA,NA,358,NA,NA,104,"16",NA,NA,NA
"365","Lawrence Cager","TE","NYG",1.29,0.159,0.0188,1.19,1.41,-7.32,-6.16,-8.45,359,305,338,77,"14",NA,NA,1
"366","MyCole Pruitt","TE","ATL",1.27,0.916,0.165,0.414,2.18,-7.33,-6.94,-7.68,360,344,314,78,"14",NA,NA,55
"367","Trent Sherfield","WR","BUF",2.96,1.28,0.071,1.66,4.98,-7.35,-7.06,-7.08,361,345,290,100,"14",NA,NA,58
"368","Deonte Harris","WR","BUF",2.89,0.709,0.0747,2.06,3.98,-7.42,-6.65,-8.07,362,329,332,101,"14",NA,NA,22
"369","Jamison Crowder","WR","WAS",2.82,1.76,0.00367,0.378,4.93,-7.49,-8.34,-7.12,363,374,293,102,"14",NA,NA,83
"370","Tre Tucker","WR","LVR",2.82,0.658,0.0382,2.13,4,-7.5,-6.59,-8.05,364,326,331,103,"14",NA,NA,16
"371","Payne Durham","TE","TB",1.1,1.29,0.00402,0.212,2.48,-7.5,-7.14,-7.37,365,346,298,79,"14",NA,NA,75
"372","Ko Kieft","TE","TB",1.1,NA,0.032,NA,NA,-7.5,NA,NA,366,NA,NA,80,"14",NA,NA,NA
"373","Austin Watkins","WR","FA",2.78,NA,0.0291,NA,NA,-7.53,NA,NA,367,NA,NA,104,"14",NA,NA,NA
"374","Josh Whyle","TE","TEN",1.07,0.573,0.068,0.468,1.78,-7.54,-6.88,-8.08,368,342,333,81,"14",NA,NA,21
"375","Tyler Scott","WR","CHI",2.75,1.15,0.023,1.08,4.03,-7.56,-7.63,-8.03,369,358,329,105,"14",NA,NA,49
"376","Jalen Nailor","WR","MIN",2.72,1.2,0.053,2,3.65,-7.59,-6.71,-8.41,370,333,337,106,"14",NA,NA,52
"377","Tucker Kraft","TE","GB",1,NA,0.00813,NA,NA,-7.6,NA,NA,371,NA,NA,82,"14",NA,NA,NA
"378","Cole Turner","TE","WAS",0.992,0.293,0.0429,0.791,1.19,-7.61,-6.56,-8.66,372,324,347,83,"14",NA,NA,6
"379","Dyami Brown","WR","WAS",2.67,0.235,0.0111,2.32,2.9,-7.64,-6.39,-9.16,373,320,360,107,"14",NA,NA,2
"380","Equanimeous St. Brown","WR","CHI",2.66,0.666,0.261,2.04,3.56,-7.65,-6.67,-8.49,374,331,341,108,"15",NA,NA,18
"381","Rodney Williams","TE",NA,0.949,NA,0.049,NA,NA,-7.65,NA,NA,375,NA,NA,84,"14",NA,NA,NA
"382","Charlie Woerner","TE","SF",0.9,NA,0.00591,NA,NA,-7.7,NA,NA,376,NA,NA,85,"14",NA,NA,NA
"383","Charlie Kolar","TE","BAL",0.894,0.274,0.0711,0.705,1.08,-7.71,-6.65,-8.77,377,327,352,86,"14",NA,NA,4
"384","Tommy Sweeney","TE","NYG",0.823,NA,0.223,NA,NA,-7.78,NA,NA,378,NA,NA,87,"15",NA,NA,NA
"385","Phillip Dorsett","WR","DEN",2.4,NA,0.04,NA,NA,-7.91,NA,NA,379,NA,NA,109,"15",NA,NA,NA
"386","Martavis Bryant","WR","DAL",2.36,NA,0.0253,NA,NA,-7.95,NA,NA,380,NA,NA,110,"15",NA,NA,NA
"387","Jalen Brooks","WR","DAL",2.36,NA,0,NA,NA,-7.95,NA,NA,380,NA,NA,110,"15",NA,NA,NA
"388","Byron Pringle","WR","WAS",2.33,0.793,0.0191,1.43,3.44,-7.98,-7.28,-8.62,381,350,345,111,"15",NA,NA,28
"389","Tim Jones","WR","JAC",2.32,0.856,0.0129,1.07,3.03,-8,-7.65,-9.03,382,359,357,112,"15",NA,NA,32
"390","Stone Smartt","TE","LAC",0.6,NA,0.048,NA,NA,-8,NA,NA,383,NA,NA,88,"15",NA,NA,NA
"391","Zach Pascal","WR","ARI",2.3,0.491,0.0156,2,3.19,-8.01,-6.71,-8.87,384,334,353,113,"15",NA,NA,7
"392","Greg Dortch","WR","ARI",2.29,0.754,0.0468,1.5,3.17,-8.02,-7.22,-8.89,385,348,354,114,"15",NA,NA,25
"393","Sean McKeon","TE","DAL",0.552,NA,0.152,NA,NA,-8.05,NA,NA,386,NA,NA,89,"15",NA,NA,NA
"394","Devin Duvernay","WR","BAL",2.24,0.782,0.0346,1.04,3.03,-8.07,-7.67,-9.02,387,361,356,115,"15",NA,NA,28
"395","N'Keal Harry","WR","MIN",2.21,2.15,0.039,0.498,4.51,-8.11,-8.21,-7.55,388,370,308,116,"15",NA,NA,97
"396","Deven Thompkins","WR","TB",2.17,0.849,0.0154,1.25,3.39,-8.15,-7.46,-8.67,389,355,349,117,"15",NA,NA,32
"397","Andrei Iosivas","WR","CIN",2.15,0.593,0.0099,1.41,2.82,-8.16,-7.3,-9.23,390,352,363,118,"15",NA,NA,13
"398","Xavier Gipson","WR","NYJ",2.14,0.567,0.0712,1.48,2.83,-8.17,-7.23,-9.22,391,349,361,119,"15",NA,NA,12
"399","Jesper Horsted","TE","LVR",0.4,NA,0.068,NA,NA,-8.2,NA,NA,392,NA,NA,90,"15",NA,NA,NA
"400","Scott Miller","WR","ATL",2.07,1.51,0.0421,0.575,4.22,-8.24,-8.14,-7.84,393,368,320,120,"15",NA,NA,68
"401","Ben Sims","TE",NA,0.332,0.188,0,0.203,0.462,-8.27,-7.15,-9.39,394,347,366,91,"15",NA,NA,1
"402","Ray-Ray McCloud","WR","SF",2.03,0.765,0.0321,0.876,2.83,-8.28,-7.84,-9.23,395,363,362,121,"15",NA,NA,26
"403","Randall Cobb","WR","NYJ",2,1.05,0.0742,0.926,2.95,-8.32,-7.79,-9.11,396,362,359,122,"15",NA,NA,45
"404","Ronnie Bell","WR","SF",1.92,1.43,0.0418,0.776,3.43,-8.39,-7.94,-8.62,397,366,346,123,"15",NA,NA,63
"405","Lil'Jordan Humphrey","WR","DEN",1.88,NA,0.012,NA,NA,-8.43,NA,NA,398,NA,NA,124,"15",NA,NA,NA
"406","Damiere Byrd","WR","ATL",1.87,NA,0.078,NA,NA,-8.44,NA,NA,399,NA,NA,125,"15",NA,NA,NA
"407","Sterling Shepard","WR","NYG",1.79,1.67,0.195,0.47,4.07,-8.52,-8.24,-7.98,400,371,327,126,"15",NA,NA,81
"408","Simi Fehoko","WR","LAC",1.59,0.639,0.066,1.17,2.28,-8.72,-7.54,-9.77,401,356,368,127,"15",NA,NA,15
"409","Xavier Hutchinson","WR","HOU",1.53,0.963,0.184,0.424,2.76,-8.78,-8.29,-9.3,402,373,364,128,"15",NA,NA,39
"410","A.T. Perry","WR","NO",1.35,NA,0.019,NA,NA,-8.97,NA,NA,403,NA,NA,129,"16",NA,NA,NA
"411","Elijah Cooks","WR",NA,1.33,NA,0.0925,NA,NA,-8.99,NA,NA,404,NA,NA,130,"16",NA,NA,NA
"412","Rakim Jarrett","WR","TB",1.23,0.407,0.0501,0.812,1.7,-9.08,-7.9,-10.4,405,364,369,131,"16",NA,NA,4
"413","Malik Heath","WR","GB",1.18,0.543,0.0359,0.443,1.64,-9.13,-8.27,-10.4,406,372,371,132,"16",NA,NA,10
"414","Juwann Winfree","WR","IND",1.15,0.138,0.0765,1.05,1.24,-9.16,-7.66,-10.8,407,360,374,133,"16",NA,NA,1
"415","Elijah Higgins","WR","ARI",1.07,NA,0.015,NA,NA,-9.24,NA,NA,408,NA,NA,134,"16",NA,NA,NA
"416","James Proche","WR","CLE",1.06,NA,0.0221,NA,NA,-9.26,NA,NA,409,NA,NA,135,"16",NA,NA,NA
"417","Jordan Matthews","WR","CAR",1.03,0.747,0.0362,0.159,1.46,-9.28,-8.55,-10.6,410,379,373,136,"16",NA,NA,24
"418","DeAndre Carter","WR","LVR",0.998,0.501,0.0486,0.341,1.46,-9.31,-8.37,-10.6,411,375,372,137,"16",NA,NA,8
"419","Ihmir Smith-Marsette","WR","CAR",0.949,0.66,0.0159,0.519,1.67,-9.36,-8.19,-10.4,412,369,370,138,"16",NA,NA,17
"420","Miles Boykin","WR","PIT",0.933,0.242,0.0983,0.791,1.2,-9.38,-7.92,-10.9,413,365,375,139,"16",NA,NA,2
"421","Tre'Quan Smith","WR","DEN",0.835,NA,0.0205,NA,NA,-9.48,NA,NA,414,NA,NA,140,"16",NA,NA,NA
"422","D'Wayne Eskridge","WR","SEA",0.814,0.0622,0.0535,0.771,0.857,-9.5,-7.94,-11.2,415,367,377,141,"16",NA,NA,1
"423","DJ Turner","WR","LVR",0.761,NA,0.0116,NA,NA,-9.55,NA,NA,416,NA,NA,142,"16",NA,NA,NA
"424","Irvin Charles","WR","NYJ",0.749,0.634,0.13,0.312,1.18,-9.56,-8.4,-10.9,417,376,376,143,"16",NA,NA,14
"425","Matthew Slater","WR","NE",0.619,NA,0.019,NA,NA,-9.69,NA,NA,418,NA,NA,144,"16",NA,NA,NA
"426","Sam Ehlinger","QB","IND",2,1.71,0.0638,0.858,3.19,-14.1,-13.3,-14.8,427,380,384,29,"9",NA,NA,83
"427","Mitchell Trubisky","QB","PIT",1.94,2.1,0.243,0.652,4.39,-14.2,-13.5,-13.6,428,386,381,30,"9",NA,NA,89
"428","Davis Mills","QB","HOU",1.7,2.22,0.176,0.28,4.95,-14.4,-13.9,-13.1,429,393,380,31,"10",NA,NA,99
"429","Andy Dalton","QB","CAR",1.52,0.993,0.114,0.853,2.21,-14.6,-13.3,-15.8,430,381,386,32,"10",NA,NA,34
"430","Bailey Zappe","QB","NE",1.41,0.902,0.0596,0.8,2.03,-14.7,-13.4,-16,431,382,387,33,"10",NA,NA,30
"431","Tyler Huntley","QB","BAL",1.35,1.69,0.0222,0.138,3.79,-14.8,-14,-14.2,432,398,383,34,"10",NA,NA,81
"432","Desmond Ridder","QB","ATL",1.32,1.54,0.244,0.145,3.89,-14.8,-14,-14.1,433,397,382,35,"10",NA,NA,74
"433","Jimmy Garoppolo","QB","LVR",1.08,0.962,0.115,0.312,2.43,-15,-13.9,-15.6,434,390,385,36,"10",NA,NA,32
"434","Phillip Walker","QB","CLE",0.966,0.611,0.00419,0.389,1.5,-15.1,-13.8,-16.5,435,388,389,37,"10",NA,NA,23
"435","Jameis Winston","QB","NO",0.962,0.506,0.0217,0.432,1.59,-15.2,-13.7,-16.4,436,387,388,38,"10",NA,NA,19
"436","Clayton Tune","QB","ARI",0.94,NA,0.019,NA,NA,-15.2,NA,NA,437,NA,NA,39,"10",NA,NA,NA
"437","Drew Lock","QB","SEA",0.921,0.198,0.0438,0.727,1.11,-15.2,-13.4,-16.9,438,384,391,40,"10",NA,NA,9
"438","Matt Barkley","QB","NYG",0.877,NA,0.0232,NA,NA,-15.2,NA,NA,439,NA,NA,41,"10",NA,NA,NA
"439","Kyle Allen","QB","BUF",0.854,NA,0.00883,NA,NA,-15.3,NA,NA,440,NA,NA,42,"10",NA,NA,NA
"440","Teddy Bridgewater","QB","DET",0.845,0.135,0.0257,0.7,0.954,-15.3,-13.5,-17,441,385,393,43,"10",NA,NA,4
"441","Jarrett Stidham","QB","DEN",0.819,0.082,0.0395,0.762,0.87,-15.3,-13.4,-17.1,442,383,395,44,"10",NA,NA,2
"442","Sean Clifford","QB","GB",0.78,NA,0.002,NA,NA,-15.3,NA,NA,443,NA,NA,45,"10",NA,NA,NA
"443","Trey Lance","QB","DAL",0.778,NA,0.127,NA,NA,-15.3,NA,NA,444,NA,NA,46,"10",NA,NA,NA
"444","Cooper Rush","QB","DAL",0.651,0.359,0.019,0.282,1.08,-15.5,-13.9,-16.9,445,392,392,47,"10",NA,NA,17
"445","Jacoby Brissett","QB","WAS",0.632,0.262,0.00578,0.305,0.813,-15.5,-13.9,-17.2,446,391,396,48,"10",NA,NA,11
"446","Kyle Trask","QB","TB",0.627,NA,0.0444,NA,NA,-15.5,NA,NA,447,NA,NA,49,"10",NA,NA,NA
"447","Malik Willis","QB","TEN",0.582,0.602,0.0468,-0.0679,1.27,-15.5,-14.2,-16.7,448,399,390,50,"10",NA,NA,21
"448","Nathan Peterman","QB","CHI",0.535,0.145,0.0369,0.375,0.638,-15.6,-13.8,-17.4,449,389,398,51,"10",NA,NA,6
"449","Jake Browning","QB","CIN",0.498,0.304,0.0051,0.199,0.722,-15.6,-14,-17.3,450,395,397,52,"10",NA,NA,13
"450","Sam Darnold","QB","SF",0.493,0.359,0.253,0.157,0.881,-15.6,-14,-17.1,451,396,394,53,"11",NA,NA,15
"451","Logan Woodside","QB","ATL",0.24,0,0.088,0.24,0.24,-15.9,-13.9,-17.8,452,394,399,54,"11",NA,NA,1
"452","Tim Boyle","QB","NYJ",0.152,NA,0.112,NA,NA,-16,NA,NA,453,NA,NA,55,"11",NA,NA,NA
"453","Easton Stick","QB","LAC",0.04,NA,0.02,NA,NA,-16.1,NA,NA,454,NA,NA,56,"11",NA,NA,NA
"454","C.J. Beathard","QB","JAC",0.02,NA,0,NA,NA,-16.1,NA,NA,455,NA,NA,57,"11",NA,NA,NA
